id,trade_ref,instrument_id,counterparty_id,asset_class,side,quantity,price,trade_date,status
1,TRD-000001,41,2,FX,BUY,1565144,41.8344,2026-05-05,SETTLED
2,TRD-000002,44,9,FX,BUY,1248352,63.7507,2026-04-03,SETTLED
3,TRD-000003,15,9,FX,BUY,1187016,30.4666,2026-07-08,CONFIRMED
4,TRD-000004,38,5,FIXED_INCOME,BUY,1439319,105.9442,2026-06-09,SETTLED
5,TRD-000005,14,6,FX,BUY,204502,57.4852,2026-06-28,CONFIRMED
6,TRD-000006,39,5,FIXED_INCOME,BUY,3953935,101.0868,2026-07-03,PENDING
7,TRD-000007,19,10,EQUITY,SELL,4739,189.21,2026-04-02,SETTLED
8,TRD-000008,50,5,DERIVATIVE,BUY,60,4339.09,2026-07-09,CONFIRMED
9,TRD-000009,41,6,FX,BUY,786325,53.8064,2026-06-23,SETTLED
10,TRD-000010,39,3,FIXED_INCOME,BUY,1470719,98.8678,2026-06-21,PENDING
11,TRD-000011,15,6,FX,BUY,490348,123.4129,2026-06-13,SETTLED
12,TRD-000012,5,4,EQUITY,SELL,1751,596.79,2026-07-21,CONFIRMED
13,TRD-000013,10,5,FIXED_INCOME,BUY,2168861,107.3497,2026-06-24,PENDING
14,TRD-000014,28,10,EQUITY,SELL,2975,213.0,2026-05-17,CONFIRMED
15,TRD-000015,6,1,EQUITY,BUY,1262,572.15,2026-07-20,SETTLED
16,TRD-000016,25,7,EQUITY,SELL,4344,241.24,2026-04-22,SETTLED
17,TRD-000017,44,9,FX,SELL,1621868,96.4315,2026-04-10,CONFIRMED
18,TRD-000018,11,8,FIXED_INCOME,BUY,2309467,114.1566,2026-05-17,SETTLED
19,TRD-000019,41,5,FX,BUY,330527,56.5879,2026-05-18,PENDING
20,TRD-000020,1,10,EQUITY,SELL,4012,37.14,2026-06-27,SETTLED
21,TRD-000021,16,1,EQUITY,BUY,4657,853.32,2026-04-24,CONFIRMED
22,TRD-000022,5,9,EQUITY,BUY,1061,600.58,2026-05-09,PENDING
23,TRD-000023,39,7,FIXED_INCOME,BUY,4623943,107.658,2026-05-23,SETTLED
24,TRD-000024,26,6,EQUITY,SELL,4249,417.31,2026-05-08,SETTLED
25,TRD-000025,22,1,EQUITY,BUY,4830,213.79,2026-04-23,SETTLED
26,TRD-000026,15,2,FX,BUY,1812786,50.0999,2026-05-09,CONFIRMED
27,TRD-000027,14,9,FX,BUY,1526980,140.3787,2026-07-08,CONFIRMED
28,TRD-000028,27,4,EQUITY,BUY,804,599.9,2026-06-14,CONFIRMED
29,TRD-000029,30,1,EQUITY,BUY,506,374.31,2026-06-26,SETTLED
30,TRD-000030,16,4,EQUITY,BUY,4403,414.78,2026-07-06,SETTLED
31,TRD-000031,30,4,EQUITY,BUY,3640,731.06,2026-04-02,PENDING
32,TRD-000032,1,2,EQUITY,BUY,1372,377.64,2026-07-07,CONFIRMED
33,TRD-000033,4,3,EQUITY,SELL,27,887.07,2026-06-26,CONFIRMED
34,TRD-000034,19,7,EQUITY,SELL,1278,187.11,2026-05-02,PENDING
35,TRD-000035,48,9,DERIVATIVE,BUY,192,1602.34,2026-04-19,CONFIRMED
36,TRD-000036,33,9,FIXED_INCOME,BUY,577140,113.8234,2026-04-28,SETTLED
37,TRD-000037,5,10,EQUITY,BUY,1936,375.32,2026-05-19,PENDING
38,TRD-000038,3,10,EQUITY,BUY,3444,598.49,2026-06-09,SETTLED
39,TRD-000039,43,6,FX,BUY,567034,59.8512,2026-06-15,CONFIRMED
40,TRD-000040,49,2,DERIVATIVE,BUY,118,3124.74,2026-04-03,PENDING
41,TRD-000041,14,9,FX,SELL,287781,140.0423,2026-04-08,CONFIRMED
42,TRD-000042,19,3,EQUITY,SELL,4460,639.12,2026-04-22,PENDING
43,TRD-000043,20,2,EQUITY,BUY,2176,121.58,2026-04-24,PENDING
44,TRD-000044,10,5,FIXED_INCOME,SELL,1866889,106.5284,2026-05-22,SETTLED
45,TRD-000045,33,8,FIXED_INCOME,SELL,526132,87.769,2026-07-27,SETTLED
46,TRD-000046,3,1,EQUITY,SELL,1081,580.66,2026-06-06,CONFIRMED
47,TRD-000047,36,7,FIXED_INCOME,BUY,1038466,87.2573,2026-05-18,SETTLED
48,TRD-000048,24,10,EQUITY,BUY,3530,132.15,2026-06-12,SETTLED
49,TRD-000049,23,4,EQUITY,BUY,852,331.24,2026-07-20,SETTLED
50,TRD-000050,16,3,EQUITY,BUY,3387,41.81,2026-06-26,CONFIRMED
51,TRD-000051,43,4,FX,SELL,343862,118.2763,2026-04-13,SETTLED
52,TRD-000052,31,4,FIXED_INCOME,BUY,3961303,95.4898,2026-05-08,SETTLED
53,TRD-000053,43,4,FX,SELL,698415,42.3676,2026-04-25,SETTLED
54,TRD-000054,23,9,EQUITY,SELL,4402,311.41,2026-04-04,SETTLED
55,TRD-000055,12,10,FIXED_INCOME,SELL,420924,88.2521,2026-07-12,CONFIRMED
56,TRD-000056,28,10,EQUITY,BUY,3165,811.56,2026-05-09,SETTLED
57,TRD-000057,46,7,DERIVATIVE,BUY,134,4631.6,2026-05-12,CONFIRMED
58,TRD-000058,5,6,EQUITY,SELL,1030,653.38,2026-06-17,SETTLED
59,TRD-000059,43,7,FX,SELL,853894,104.8235,2026-05-07,CONFIRMED
60,TRD-000060,43,7,FX,BUY,1300828,85.7105,2026-07-18,SETTLED
61,TRD-000061,20,5,EQUITY,BUY,3531,711.47,2026-06-15,CONFIRMED
62,TRD-000062,29,4,EQUITY,SELL,1400,599.79,2026-06-17,PENDING
63,TRD-000063,22,2,EQUITY,BUY,2552,217.68,2026-05-05,SETTLED
64,TRD-000064,3,4,EQUITY,SELL,606,420.77,2026-05-23,CONFIRMED
65,TRD-000065,32,7,FIXED_INCOME,BUY,1337918,104.6817,2026-04-25,SETTLED
66,TRD-000066,50,7,DERIVATIVE,BUY,46,4030.34,2026-07-02,PENDING
67,TRD-000067,16,2,EQUITY,SELL,1102,725.25,2026-06-25,CONFIRMED
68,TRD-000068,40,9,FX,SELL,1751829,136.1027,2026-07-06,CONFIRMED
69,TRD-000069,29,5,EQUITY,BUY,2281,693.92,2026-07-21,SETTLED
70,TRD-000070,18,8,EQUITY,BUY,2350,226.35,2026-06-11,PENDING
71,TRD-000071,6,3,EQUITY,BUY,1904,357.07,2026-05-23,SETTLED
72,TRD-000072,5,7,EQUITY,SELL,2720,497.5,2026-07-02,SETTLED
73,TRD-000073,27,7,EQUITY,BUY,4726,354.74,2026-04-12,SETTLED
74,TRD-000074,49,7,DERIVATIVE,SELL,138,3750.2,2026-05-16,SETTLED
75,TRD-000075,18,7,EQUITY,SELL,247,362.19,2026-07-24,SETTLED
76,TRD-000076,30,3,EQUITY,BUY,3237,540.87,2026-04-03,CONFIRMED
77,TRD-000077,9,8,EQUITY,BUY,421,248.94,2026-06-07,CONFIRMED
78,TRD-000078,21,6,EQUITY,SELL,2289,681.77,2026-07-09,SETTLED
79,TRD-000079,31,1,FIXED_INCOME,BUY,3035680,91.7267,2026-04-25,SETTLED
80,TRD-000080,49,1,DERIVATIVE,BUY,52,4204.18,2026-05-08,SETTLED
81,TRD-000081,31,2,FIXED_INCOME,BUY,4000987,105.9839,2026-06-06,PENDING
82,TRD-000082,39,2,FIXED_INCOME,BUY,2709183,88.243,2026-04-10,PENDING
83,TRD-000083,44,7,FX,SELL,1984406,107.4802,2026-04-19,SETTLED
84,TRD-000084,7,5,EQUITY,BUY,4646,708.72,2026-06-18,CONFIRMED
85,TRD-000085,43,6,FX,BUY,1071076,97.4135,2026-04-28,CONFIRMED
86,TRD-000086,32,2,FIXED_INCOME,SELL,3138253,104.0676,2026-07-23,SETTLED
87,TRD-000087,28,3,EQUITY,SELL,4418,701.68,2026-07-14,PENDING
88,TRD-000088,18,6,EQUITY,BUY,719,265.46,2026-07-08,CONFIRMED
89,TRD-000089,37,10,FIXED_INCOME,SELL,2921899,85.861,2026-06-06,CONFIRMED
90,TRD-000090,14,6,FX,SELL,723742,42.525,2026-06-18,SETTLED
91,TRD-000091,34,4,FIXED_INCOME,BUY,2124641,106.6022,2026-07-18,SETTLED
92,TRD-000092,45,8,FX,SELL,949890,119.1056,2026-04-10,SETTLED
93,TRD-000093,26,4,EQUITY,SELL,4774,344.74,2026-06-14,PENDING
94,TRD-000094,22,6,EQUITY,SELL,2229,289.83,2026-05-04,SETTLED
95,TRD-000095,21,2,EQUITY,BUY,1579,210.42,2026-07-09,PENDING
96,TRD-000096,49,9,DERIVATIVE,SELL,26,4171.51,2026-06-08,CONFIRMED
97,TRD-000097,12,5,FIXED_INCOME,BUY,4580649,88.7975,2026-04-02,PENDING
98,TRD-000098,19,3,EQUITY,SELL,850,787.99,2026-06-16,CONFIRMED
99,TRD-000099,29,6,EQUITY,BUY,430,242.18,2026-07-04,SETTLED
100,TRD-000100,26,8,EQUITY,BUY,4736,573.91,2026-04-05,SETTLED
101,TRD-000101,37,5,FIXED_INCOME,BUY,2181976,88.5535,2026-07-20,PENDING
102,TRD-000102,40,4,FX,SELL,954797,136.3489,2026-06-28,PENDING
103,TRD-000103,28,5,EQUITY,BUY,822,853.88,2026-05-21,SETTLED
104,TRD-000104,17,2,EQUITY,BUY,1974,172.96,2026-04-06,SETTLED
105,TRD-000105,27,8,EQUITY,SELL,2395,48.72,2026-06-23,SETTLED
106,TRD-000106,45,8,FX,BUY,1451550,35.6268,2026-06-26,PENDING
107,TRD-000107,43,4,FX,SELL,250703,82.0487,2026-05-09,SETTLED
108,TRD-000108,5,1,EQUITY,BUY,2529,543.64,2026-06-15,SETTLED
109,TRD-000109,30,5,EQUITY,SELL,2240,460.42,2026-07-15,SETTLED
110,TRD-000110,39,1,FIXED_INCOME,SELL,2803829,103.1114,2026-04-03,SETTLED
111,TRD-000111,44,10,FX,BUY,1613818,101.1044,2026-06-19,SETTLED
112,TRD-000112,49,3,DERIVATIVE,SELL,133,3274.97,2026-06-06,PENDING
113,TRD-000113,28,8,EQUITY,BUY,3860,326.21,2026-06-11,SETTLED
114,TRD-000114,11,6,FIXED_INCOME,SELL,4256295,93.6465,2026-07-27,PENDING
115,TRD-000115,3,8,EQUITY,BUY,2586,242.11,2026-04-25,CONFIRMED
116,TRD-000116,33,1,FIXED_INCOME,SELL,3566571,86.6261,2026-06-20,CONFIRMED
117,TRD-000117,41,8,FX,BUY,436892,40.6448,2026-05-10,CONFIRMED
118,TRD-000118,45,8,FX,BUY,70543,145.9935,2026-05-23,SETTLED
119,TRD-000119,20,9,EQUITY,BUY,4534,379.03,2026-05-27,SETTLED
120,TRD-000120,30,2,EQUITY,BUY,4092,840.73,2026-06-17,SETTLED
121,TRD-000121,27,8,EQUITY,SELL,2006,421.97,2026-05-13,SETTLED
122,TRD-000122,39,9,FIXED_INCOME,BUY,685609,93.2874,2026-07-11,PENDING
123,TRD-000123,18,1,EQUITY,SELL,2455,756.98,2026-07-28,SETTLED
124,TRD-000124,29,9,EQUITY,SELL,2837,312.55,2026-07-15,CONFIRMED
125,TRD-000125,13,4,FX,SELL,499815,128.5171,2026-07-02,CONFIRMED
126,TRD-000126,48,8,DERIVATIVE,SELL,99,4942.65,2026-05-16,SETTLED
127,TRD-000127,9,9,EQUITY,SELL,832,789.29,2026-07-04,PENDING
128,TRD-000128,30,1,EQUITY,BUY,3368,786.42,2026-05-03,CONFIRMED
129,TRD-000129,17,6,EQUITY,SELL,667,769.55,2026-07-11,CONFIRMED
130,TRD-000130,35,1,FIXED_INCOME,BUY,2069395,103.9348,2026-06-08,SETTLED
131,TRD-000131,28,2,EQUITY,BUY,3644,166.4,2026-06-01,SETTLED
132,TRD-000132,21,1,EQUITY,SELL,2946,349.86,2026-05-08,PENDING
133,TRD-000133,27,10,EQUITY,BUY,1402,174.06,2026-07-20,SETTLED
134,TRD-000134,32,10,FIXED_INCOME,BUY,2047737,98.8345,2026-06-15,SETTLED
135,TRD-000135,43,1,FX,SELL,1899973,43.7146,2026-05-03,CONFIRMED
136,TRD-000136,23,10,EQUITY,SELL,3485,627.48,2026-07-28,SETTLED
137,TRD-000137,13,7,FX,SELL,233668,36.1911,2026-06-19,SETTLED
138,TRD-000138,45,5,FX,BUY,1750714,99.0079,2026-06-01,PENDING
139,TRD-000139,44,1,FX,SELL,1756589,135.7,2026-06-25,SETTLED
140,TRD-000140,39,6,FIXED_INCOME,BUY,1694942,103.6267,2026-05-21,SETTLED
141,TRD-000141,41,1,FX,SELL,1663836,66.5708,2026-06-24,SETTLED
142,TRD-000142,6,5,EQUITY,SELL,3413,174.56,2026-05-26,PENDING
143,TRD-000143,24,9,EQUITY,SELL,1357,246.13,2026-07-26,SETTLED
144,TRD-000144,48,6,DERIVATIVE,BUY,120,4816.32,2026-05-25,SETTLED
145,TRD-000145,44,7,FX,SELL,199378,118.7697,2026-04-09,PENDING
146,TRD-000146,8,8,EQUITY,SELL,2157,534.41,2026-06-04,SETTLED
147,TRD-000147,31,1,FIXED_INCOME,SELL,1956962,104.4296,2026-07-23,SETTLED
148,TRD-000148,42,7,FX,BUY,303133,7.5657,2026-04-10,CONFIRMED
149,TRD-000149,8,2,EQUITY,BUY,4413,139.38,2026-07-12,PENDING
150,TRD-000150,27,10,EQUITY,BUY,3408,596.33,2026-07-20,CONFIRMED
151,TRD-000151,18,1,EQUITY,SELL,1789,410.18,2026-05-28,CONFIRMED
152,TRD-000152,7,6,EQUITY,SELL,506,370.36,2026-05-04,CONFIRMED
153,TRD-000153,6,4,EQUITY,BUY,424,712.38,2026-05-05,PENDING
154,TRD-000154,14,2,FX,BUY,1239734,33.0199,2026-05-11,SETTLED
155,TRD-000155,39,1,FIXED_INCOME,SELL,1313730,114.6258,2026-06-26,SETTLED
156,TRD-000156,8,1,EQUITY,BUY,131,335.25,2026-05-19,CONFIRMED
157,TRD-000157,2,3,EQUITY,SELL,439,131.55,2026-07-17,SETTLED
158,TRD-000158,48,2,DERIVATIVE,SELL,115,3901.18,2026-04-15,PENDING
159,TRD-000159,15,10,FX,BUY,1535139,117.6575,2026-06-15,SETTLED
160,TRD-000160,4,8,EQUITY,SELL,3502,623.77,2026-07-23,CONFIRMED
161,TRD-000161,5,2,EQUITY,SELL,4993,150.53,2026-05-09,PENDING
162,TRD-000162,41,10,FX,SELL,808814,149.1985,2026-06-15,PENDING
163,TRD-000163,39,7,FIXED_INCOME,BUY,1059774,110.5838,2026-05-14,CONFIRMED
164,TRD-000164,15,7,FX,SELL,1745223,68.462,2026-07-24,SETTLED
165,TRD-000165,21,7,EQUITY,SELL,2098,349.38,2026-05-22,CONFIRMED
166,TRD-000166,5,2,EQUITY,BUY,773,400.05,2026-06-26,SETTLED
167,TRD-000167,36,1,FIXED_INCOME,SELL,1125350,97.3243,2026-07-28,SETTLED
168,TRD-000168,19,10,EQUITY,SELL,2890,111.17,2026-05-05,CONFIRMED
169,TRD-000169,15,2,FX,SELL,1782876,83.7948,2026-04-25,SETTLED
170,TRD-000170,37,4,FIXED_INCOME,SELL,4805721,114.2364,2026-04-20,SETTLED
171,TRD-000171,2,3,EQUITY,SELL,2541,830.95,2026-06-01,SETTLED
172,TRD-000172,10,10,FIXED_INCOME,SELL,683724,89.2562,2026-04-03,PENDING
173,TRD-000173,14,7,FX,SELL,961364,51.6617,2026-06-10,CONFIRMED
174,TRD-000174,50,10,DERIVATIVE,BUY,14,820.12,2026-04-22,SETTLED
175,TRD-000175,18,8,EQUITY,SELL,3988,554.23,2026-07-09,SETTLED
176,TRD-000176,49,9,DERIVATIVE,BUY,89,2178.07,2026-06-22,PENDING
177,TRD-000177,32,9,FIXED_INCOME,SELL,480988,91.6156,2026-04-01,SETTLED
178,TRD-000178,20,4,EQUITY,BUY,2103,274.71,2026-04-01,CONFIRMED
179,TRD-000179,48,7,DERIVATIVE,BUY,34,1932.03,2026-05-17,PENDING
180,TRD-000180,43,6,FX,BUY,842718,129.3752,2026-04-14,SETTLED
181,TRD-000181,30,2,EQUITY,SELL,4726,397.77,2026-07-23,CONFIRMED
182,TRD-000182,19,2,EQUITY,SELL,180,870.26,2026-05-26,PENDING
183,TRD-000183,30,6,EQUITY,BUY,3587,763.15,2026-05-14,PENDING
184,TRD-000184,26,9,EQUITY,BUY,3252,786.06,2026-06-08,CONFIRMED
185,TRD-000185,50,3,DERIVATIVE,BUY,131,3184.46,2026-05-25,CONFIRMED
186,TRD-000186,23,3,EQUITY,BUY,852,148.87,2026-05-06,PENDING
187,TRD-000187,10,2,FIXED_INCOME,BUY,4244954,98.9186,2026-07-22,PENDING
188,TRD-000188,42,10,FX,SELL,1822457,145.6692,2026-06-05,CONFIRMED
189,TRD-000189,5,8,EQUITY,SELL,2490,720.77,2026-04-12,PENDING
190,TRD-000190,5,5,EQUITY,SELL,3712,53.09,2026-06-27,SETTLED
191,TRD-000191,5,2,EQUITY,SELL,3800,530.69,2026-04-15,PENDING
192,TRD-000192,42,4,FX,SELL,1278789,71.7639,2026-05-02,CONFIRMED
193,TRD-000193,7,6,EQUITY,BUY,4143,588.59,2026-04-08,CONFIRMED
194,TRD-000194,29,9,EQUITY,BUY,2991,348.11,2026-06-13,CONFIRMED
195,TRD-000195,50,6,DERIVATIVE,BUY,162,3254.16,2026-04-11,SETTLED
196,TRD-000196,36,7,FIXED_INCOME,SELL,2213893,106.712,2026-05-11,SETTLED
197,TRD-000197,38,3,FIXED_INCOME,SELL,2702412,114.0309,2026-07-05,PENDING
198,TRD-000198,46,2,DERIVATIVE,SELL,144,1914.56,2026-06-27,SETTLED
199,TRD-000199,43,9,FX,BUY,1364812,100.832,2026-06-01,CONFIRMED
200,TRD-000200,20,3,EQUITY,BUY,2809,853.95,2026-07-07,SETTLED
201,TRD-000201,9,3,EQUITY,BUY,2433,763.1,2026-04-17,PENDING
202,TRD-000202,48,9,DERIVATIVE,BUY,170,1716.98,2026-05-20,CONFIRMED
203,TRD-000203,10,3,FIXED_INCOME,BUY,1488643,106.6355,2026-04-14,CONFIRMED
204,TRD-000204,44,4,FX,SELL,1290511,43.3112,2026-07-08,PENDING
205,TRD-000205,16,5,EQUITY,SELL,1599,343.7,2026-07-15,SETTLED
206,TRD-000206,50,7,DERIVATIVE,SELL,42,4093.61,2026-05-28,SETTLED
207,TRD-000207,4,8,EQUITY,SELL,4552,842.18,2026-04-10,SETTLED
208,TRD-000208,49,3,DERIVATIVE,SELL,116,4531.27,2026-05-27,CONFIRMED
209,TRD-000209,6,4,EQUITY,SELL,2873,838.82,2026-07-02,CONFIRMED
210,TRD-000210,33,6,FIXED_INCOME,BUY,3339396,114.8358,2026-06-08,SETTLED
211,TRD-000211,21,2,EQUITY,SELL,1206,141.09,2026-06-27,CONFIRMED
212,TRD-000212,45,3,FX,SELL,950785,92.61,2026-04-01,SETTLED
213,TRD-000213,14,3,FX,SELL,243175,116.605,2026-05-10,SETTLED
214,TRD-000214,4,4,EQUITY,SELL,3754,75.27,2026-07-20,PENDING
215,TRD-000215,2,9,EQUITY,BUY,1186,276.32,2026-04-20,CONFIRMED
216,TRD-000216,16,10,EQUITY,SELL,1544,604.65,2026-04-17,CONFIRMED
217,TRD-000217,5,9,EQUITY,BUY,3208,788.53,2026-04-21,CONFIRMED
218,TRD-000218,24,5,EQUITY,BUY,2935,713.9,2026-06-08,SETTLED
219,TRD-000219,50,10,DERIVATIVE,SELL,35,269.46,2026-06-27,SETTLED
220,TRD-000220,50,8,DERIVATIVE,SELL,162,952.28,2026-05-03,CONFIRMED
221,TRD-000221,3,5,EQUITY,BUY,368,716.18,2026-04-11,SETTLED
222,TRD-000222,33,7,FIXED_INCOME,SELL,2224949,86.0986,2026-05-10,CONFIRMED
223,TRD-000223,50,1,DERIVATIVE,SELL,70,666.15,2026-06-14,CONFIRMED
224,TRD-000224,48,8,DERIVATIVE,SELL,87,4869.93,2026-07-23,CONFIRMED
225,TRD-000225,24,9,EQUITY,SELL,686,659.83,2026-04-14,PENDING
226,TRD-000226,12,9,FIXED_INCOME,SELL,2794516,88.0779,2026-06-22,SETTLED
227,TRD-000227,20,8,EQUITY,SELL,1375,626.99,2026-06-15,SETTLED
228,TRD-000228,47,6,DERIVATIVE,SELL,71,3215.37,2026-04-03,CONFIRMED
229,TRD-000229,24,9,EQUITY,BUY,265,145.65,2026-07-02,SETTLED
230,TRD-000230,5,4,EQUITY,SELL,2976,356.91,2026-04-20,SETTLED
231,TRD-000231,44,8,FX,SELL,790168,67.0357,2026-04-19,SETTLED
232,TRD-000232,34,6,FIXED_INCOME,SELL,2737256,104.4868,2026-05-04,SETTLED
233,TRD-000233,48,3,DERIVATIVE,SELL,133,1965.59,2026-04-09,SETTLED
234,TRD-000234,46,8,DERIVATIVE,BUY,157,1463.61,2026-07-07,SETTLED
235,TRD-000235,9,2,EQUITY,SELL,1424,810.84,2026-07-03,CONFIRMED
236,TRD-000236,43,6,FX,BUY,1163427,81.692,2026-06-28,SETTLED
237,TRD-000237,46,3,DERIVATIVE,SELL,131,1160.0,2026-05-26,SETTLED
238,TRD-000238,16,8,EQUITY,BUY,2966,507.54,2026-06-15,PENDING
239,TRD-000239,9,10,EQUITY,BUY,548,292.18,2026-07-17,CONFIRMED
240,TRD-000240,50,7,DERIVATIVE,BUY,33,4863.28,2026-04-15,CONFIRMED
241,TRD-000241,44,9,FX,SELL,279137,131.7917,2026-05-25,SETTLED
242,TRD-000242,28,9,EQUITY,BUY,1027,475.93,2026-06-06,SETTLED
243,TRD-000243,21,4,EQUITY,SELL,4260,807.53,2026-04-09,SETTLED
244,TRD-000244,41,9,FX,SELL,272501,94.0533,2026-04-17,SETTLED
245,TRD-000245,38,10,FIXED_INCOME,BUY,1536134,104.762,2026-06-27,PENDING
246,TRD-000246,3,1,EQUITY,BUY,382,854.72,2026-06-21,SETTLED
247,TRD-000247,50,10,DERIVATIVE,SELL,159,3213.01,2026-07-21,PENDING
248,TRD-000248,19,5,EQUITY,SELL,2016,728.13,2026-07-10,CONFIRMED
249,TRD-000249,5,1,EQUITY,BUY,3611,385.75,2026-07-07,CONFIRMED
250,TRD-000250,39,3,FIXED_INCOME,SELL,2778620,107.026,2026-06-13,SETTLED
251,TRD-000251,49,6,DERIVATIVE,BUY,82,1246.6,2026-04-09,CONFIRMED
252,TRD-000252,16,3,EQUITY,BUY,424,275.39,2026-07-28,PENDING
253,TRD-000253,27,4,EQUITY,BUY,2692,841.7,2026-06-07,SETTLED
254,TRD-000254,32,9,FIXED_INCOME,SELL,4283899,111.3723,2026-07-01,SETTLED
255,TRD-000255,26,9,EQUITY,SELL,1982,209.33,2026-06-02,SETTLED
256,TRD-000256,19,8,EQUITY,SELL,2350,492.29,2026-04-14,SETTLED
257,TRD-000257,17,6,EQUITY,SELL,3007,59.81,2026-04-19,PENDING
258,TRD-000258,13,6,FX,SELL,164207,58.4432,2026-07-25,PENDING
259,TRD-000259,18,10,EQUITY,BUY,1064,878.07,2026-07-12,CONFIRMED
260,TRD-000260,36,6,FIXED_INCOME,BUY,1769818,103.0739,2026-07-17,SETTLED
261,TRD-000261,3,1,EQUITY,BUY,2738,727.49,2026-07-05,PENDING
262,TRD-000262,33,3,FIXED_INCOME,SELL,2772023,89.8751,2026-06-19,CONFIRMED
263,TRD-000263,33,9,FIXED_INCOME,SELL,4822150,93.9937,2026-04-12,CONFIRMED
264,TRD-000264,44,2,FX,SELL,1234112,46.7055,2026-04-20,CONFIRMED
265,TRD-000265,17,10,EQUITY,BUY,430,533.5,2026-05-17,PENDING
266,TRD-000266,50,7,DERIVATIVE,BUY,175,1248.87,2026-04-07,SETTLED
267,TRD-000267,29,6,EQUITY,SELL,1250,383.4,2026-05-14,PENDING
268,TRD-000268,50,10,DERIVATIVE,SELL,189,3650.64,2026-05-17,SETTLED
269,TRD-000269,36,6,FIXED_INCOME,SELL,4508021,96.3047,2026-05-15,PENDING
270,TRD-000270,22,9,EQUITY,SELL,2175,556.87,2026-05-08,SETTLED
271,TRD-000271,36,5,FIXED_INCOME,BUY,2596571,108.1352,2026-05-23,CONFIRMED
272,TRD-000272,21,8,EQUITY,SELL,4601,841.66,2026-06-10,SETTLED
273,TRD-000273,37,9,FIXED_INCOME,SELL,3409578,109.5513,2026-05-10,SETTLED
274,TRD-000274,19,2,EQUITY,SELL,3633,597.26,2026-07-07,SETTLED
275,TRD-000275,35,5,FIXED_INCOME,SELL,1251529,88.2768,2026-05-08,SETTLED
276,TRD-000276,43,9,FX,BUY,1347866,35.5392,2026-04-14,CONFIRMED
277,TRD-000277,46,8,DERIVATIVE,BUY,175,3865.29,2026-04-18,SETTLED
278,TRD-000278,27,8,EQUITY,SELL,1643,685.2,2026-06-11,SETTLED
279,TRD-000279,42,1,FX,BUY,1377969,86.4607,2026-04-06,CONFIRMED
280,TRD-000280,12,1,FIXED_INCOME,SELL,4255581,90.5893,2026-06-02,SETTLED
281,TRD-000281,20,10,EQUITY,BUY,2754,270.41,2026-07-05,PENDING
282,TRD-000282,30,5,EQUITY,BUY,932,311.0,2026-07-21,SETTLED
283,TRD-000283,46,3,DERIVATIVE,BUY,189,1718.71,2026-06-19,SETTLED
284,TRD-000284,12,10,FIXED_INCOME,SELL,3687834,100.4584,2026-04-13,SETTLED
285,TRD-000285,12,3,FIXED_INCOME,SELL,2814567,113.0748,2026-04-09,CONFIRMED
286,TRD-000286,16,8,EQUITY,SELL,2710,285.71,2026-04-09,CONFIRMED
287,TRD-000287,45,4,FX,BUY,1410448,18.4391,2026-06-06,CONFIRMED
288,TRD-000288,44,9,FX,SELL,1457643,18.3184,2026-06-12,PENDING
289,TRD-000289,15,4,FX,BUY,1012820,23.6553,2026-06-14,PENDING
290,TRD-000290,31,9,FIXED_INCOME,BUY,2175890,105.4103,2026-04-17,CONFIRMED
291,TRD-000291,34,6,FIXED_INCOME,BUY,4832590,88.3663,2026-05-19,PENDING
292,TRD-000292,10,3,FIXED_INCOME,SELL,4464941,98.2552,2026-05-23,PENDING
293,TRD-000293,32,2,FIXED_INCOME,SELL,566706,98.603,2026-07-15,PENDING
294,TRD-000294,4,9,EQUITY,SELL,2534,656.49,2026-07-09,SETTLED
295,TRD-000295,48,4,DERIVATIVE,BUY,12,2147.3,2026-04-18,SETTLED
296,TRD-000296,5,8,EQUITY,BUY,2361,379.8,2026-05-25,CONFIRMED
297,TRD-000297,24,7,EQUITY,SELL,3102,350.57,2026-05-21,CONFIRMED
298,TRD-000298,8,3,EQUITY,SELL,4342,132.07,2026-05-27,SETTLED
299,TRD-000299,49,1,DERIVATIVE,SELL,119,3383.82,2026-07-18,CONFIRMED
300,TRD-000300,15,4,FX,SELL,735949,23.9441,2026-05-24,SETTLED
301,TRD-000301,3,7,EQUITY,BUY,1981,201.35,2026-04-20,SETTLED
302,TRD-000302,29,10,EQUITY,BUY,2014,671.68,2026-07-15,SETTLED
303,TRD-000303,35,4,FIXED_INCOME,BUY,1275542,100.1169,2026-06-08,PENDING
304,TRD-000304,21,10,EQUITY,SELL,1950,285.55,2026-05-22,PENDING
305,TRD-000305,15,7,FX,SELL,587039,9.8949,2026-05-21,CONFIRMED
306,TRD-000306,36,8,FIXED_INCOME,BUY,2989160,113.2476,2026-07-26,PENDING
307,TRD-000307,21,7,EQUITY,SELL,1232,283.9,2026-05-25,PENDING
308,TRD-000308,31,4,FIXED_INCOME,BUY,2622759,110.7262,2026-05-26,CONFIRMED
309,TRD-000309,4,9,EQUITY,SELL,3422,510.41,2026-05-13,SETTLED
310,TRD-000310,17,4,EQUITY,SELL,657,831.56,2026-06-03,PENDING
311,TRD-000311,47,4,DERIVATIVE,BUY,69,1916.98,2026-04-28,SETTLED
312,TRD-000312,13,10,FX,BUY,1015362,31.9663,2026-06-10,SETTLED
313,TRD-000313,14,4,FX,BUY,1576319,149.9361,2026-07-08,PENDING
314,TRD-000314,46,4,DERIVATIVE,SELL,62,2782.79,2026-06-13,CONFIRMED
315,TRD-000315,35,6,FIXED_INCOME,SELL,2294137,95.7893,2026-07-15,SETTLED
316,TRD-000316,47,8,DERIVATIVE,SELL,53,1884.99,2026-07-02,PENDING
317,TRD-000317,15,3,FX,BUY,556882,83.3541,2026-07-10,SETTLED
318,TRD-000318,13,6,FX,BUY,806581,85.8126,2026-05-16,PENDING
319,TRD-000319,42,6,FX,SELL,1610883,123.3815,2026-07-15,SETTLED
320,TRD-000320,47,6,DERIVATIVE,BUY,36,3615.55,2026-07-06,PENDING
321,TRD-000321,42,1,FX,BUY,1769654,127.1272,2026-04-25,SETTLED
322,TRD-000322,27,3,EQUITY,BUY,566,642.31,2026-04-07,PENDING
323,TRD-000323,30,6,EQUITY,BUY,3968,600.17,2026-04-01,PENDING
324,TRD-000324,36,7,FIXED_INCOME,BUY,240309,100.8825,2026-06-18,SETTLED
325,TRD-000325,2,9,EQUITY,SELL,1478,114.17,2026-04-17,SETTLED
326,TRD-000326,16,4,EQUITY,SELL,2913,255.25,2026-07-03,CONFIRMED
327,TRD-000327,26,8,EQUITY,BUY,1860,283.98,2026-04-21,SETTLED
328,TRD-000328,6,7,EQUITY,SELL,3099,506.38,2026-04-21,SETTLED
329,TRD-000329,45,3,FX,BUY,1058279,126.9232,2026-06-19,SETTLED
330,TRD-000330,34,1,FIXED_INCOME,BUY,1873494,112.0382,2026-07-09,SETTLED
331,TRD-000331,5,5,EQUITY,BUY,1479,837.31,2026-06-01,SETTLED
332,TRD-000332,38,3,FIXED_INCOME,SELL,745398,93.9783,2026-05-19,CONFIRMED
333,TRD-000333,44,9,FX,SELL,814983,113.5369,2026-05-26,SETTLED
334,TRD-000334,33,6,FIXED_INCOME,BUY,919447,98.1126,2026-04-11,PENDING
335,TRD-000335,50,10,DERIVATIVE,SELL,199,1665.56,2026-06-26,CONFIRMED
336,TRD-000336,32,4,FIXED_INCOME,SELL,4739216,113.2343,2026-07-06,PENDING
337,TRD-000337,43,7,FX,BUY,1629352,93.0975,2026-05-23,SETTLED
338,TRD-000338,6,5,EQUITY,BUY,3122,646.28,2026-05-24,CONFIRMED
339,TRD-000339,21,6,EQUITY,BUY,759,24.57,2026-06-15,CONFIRMED
340,TRD-000340,49,5,DERIVATIVE,BUY,34,482.12,2026-07-15,PENDING
341,TRD-000341,36,9,FIXED_INCOME,SELL,966483,85.7879,2026-06-18,SETTLED
342,TRD-000342,39,10,FIXED_INCOME,SELL,3331609,85.3702,2026-07-13,SETTLED
343,TRD-000343,47,9,DERIVATIVE,BUY,147,2629.47,2026-07-06,SETTLED
344,TRD-000344,18,5,EQUITY,SELL,4049,148.42,2026-05-14,SETTLED
345,TRD-000345,27,5,EQUITY,SELL,640,337.79,2026-05-24,CONFIRMED
346,TRD-000346,39,10,FIXED_INCOME,BUY,3940821,88.2092,2026-06-01,CONFIRMED
347,TRD-000347,22,10,EQUITY,SELL,2709,407.4,2026-07-27,PENDING
348,TRD-000348,9,5,EQUITY,SELL,4951,853.61,2026-05-16,CONFIRMED
349,TRD-000349,12,7,FIXED_INCOME,SELL,2544844,107.0462,2026-07-19,SETTLED
350,TRD-000350,21,7,EQUITY,SELL,3228,341.21,2026-05-19,PENDING
351,TRD-000351,12,9,FIXED_INCOME,BUY,3972367,113.2892,2026-05-15,SETTLED
352,TRD-000352,45,2,FX,SELL,1421336,75.296,2026-06-08,SETTLED
353,TRD-000353,43,3,FX,SELL,1664813,57.047,2026-07-20,CONFIRMED
354,TRD-000354,38,7,FIXED_INCOME,SELL,4660426,86.103,2026-06-23,PENDING
355,TRD-000355,39,2,FIXED_INCOME,BUY,2182312,104.728,2026-06-06,PENDING
356,TRD-000356,3,10,EQUITY,SELL,2726,869.83,2026-07-04,SETTLED
357,TRD-000357,7,5,EQUITY,BUY,4193,677.23,2026-05-15,CONFIRMED
358,TRD-000358,26,8,EQUITY,BUY,2835,897.98,2026-07-04,SETTLED
359,TRD-000359,27,2,EQUITY,BUY,1170,326.53,2026-06-15,SETTLED
360,TRD-000360,34,8,FIXED_INCOME,SELL,4094340,87.9287,2026-07-11,SETTLED
361,TRD-000361,20,1,EQUITY,BUY,195,767.28,2026-04-22,SETTLED
362,TRD-000362,48,4,DERIVATIVE,BUY,142,842.67,2026-07-15,SETTLED
363,TRD-000363,26,3,EQUITY,BUY,3550,368.11,2026-05-15,PENDING
364,TRD-000364,28,7,EQUITY,BUY,1769,201.09,2026-04-19,SETTLED
365,TRD-000365,35,3,FIXED_INCOME,SELL,2834559,90.9122,2026-04-09,CONFIRMED
366,TRD-000366,34,6,FIXED_INCOME,SELL,3392897,102.6101,2026-06-12,CONFIRMED
367,TRD-000367,40,3,FX,SELL,1936617,92.4811,2026-04-22,SETTLED
368,TRD-000368,21,2,EQUITY,BUY,2511,122.92,2026-06-23,SETTLED
369,TRD-000369,33,7,FIXED_INCOME,SELL,1256514,102.2442,2026-07-06,CONFIRMED
370,TRD-000370,41,9,FX,BUY,1173736,25.6963,2026-06-05,SETTLED
371,TRD-000371,21,8,EQUITY,BUY,2951,857.62,2026-07-05,SETTLED
372,TRD-000372,25,9,EQUITY,SELL,3361,622.53,2026-07-23,CONFIRMED
373,TRD-000373,32,3,FIXED_INCOME,BUY,4842900,85.9258,2026-05-10,SETTLED
374,TRD-000374,18,4,EQUITY,SELL,1387,707.05,2026-07-18,PENDING
375,TRD-000375,8,10,EQUITY,BUY,2204,702.1,2026-06-18,SETTLED
376,TRD-000376,49,8,DERIVATIVE,BUY,109,556.96,2026-05-10,SETTLED
377,TRD-000377,29,5,EQUITY,SELL,722,406.38,2026-04-25,SETTLED
378,TRD-000378,14,10,FX,SELL,1815749,106.8445,2026-07-06,PENDING
379,TRD-000379,9,4,EQUITY,BUY,496,521.67,2026-06-20,PENDING
380,TRD-000380,11,6,FIXED_INCOME,SELL,2527103,102.1821,2026-04-05,CONFIRMED
381,TRD-000381,4,5,EQUITY,BUY,1097,239.72,2026-06-27,SETTLED
382,TRD-000382,49,7,DERIVATIVE,SELL,37,2908.26,2026-06-21,CONFIRMED
383,TRD-000383,25,8,EQUITY,BUY,772,374.51,2026-06-23,CONFIRMED
384,TRD-000384,30,8,EQUITY,SELL,4777,22.18,2026-04-24,CONFIRMED
385,TRD-000385,41,6,FX,BUY,1678657,80.5361,2026-05-14,SETTLED
386,TRD-000386,32,5,FIXED_INCOME,SELL,2478951,95.1327,2026-05-19,CONFIRMED
387,TRD-000387,22,1,EQUITY,BUY,825,571.04,2026-07-01,SETTLED
388,TRD-000388,11,8,FIXED_INCOME,SELL,105670,114.7551,2026-07-07,SETTLED
389,TRD-000389,42,5,FX,BUY,1843798,139.9627,2026-06-03,CONFIRMED
390,TRD-000390,17,2,EQUITY,SELL,1365,65.57,2026-06-24,SETTLED
391,TRD-000391,28,2,EQUITY,BUY,18,207.81,2026-04-05,PENDING
392,TRD-000392,15,9,FX,SELL,29476,2.0029,2026-06-27,SETTLED
393,TRD-000393,28,3,EQUITY,SELL,590,221.47,2026-04-24,SETTLED
394,TRD-000394,7,6,EQUITY,SELL,2461,140.67,2026-05-21,SETTLED
395,TRD-000395,5,9,EQUITY,BUY,1354,407.29,2026-05-21,SETTLED
396,TRD-000396,27,10,EQUITY,SELL,1789,96.29,2026-04-05,SETTLED
397,TRD-000397,38,7,FIXED_INCOME,SELL,3701973,94.4351,2026-05-08,SETTLED
398,TRD-000398,42,2,FX,BUY,1170556,90.4691,2026-06-25,SETTLED
399,TRD-000399,43,5,FX,BUY,1095798,91.3535,2026-05-24,CONFIRMED
400,TRD-000400,19,1,EQUITY,BUY,4064,359.58,2026-05-16,PENDING
401,TRD-000401,5,9,EQUITY,BUY,2968,841.85,2026-05-13,PENDING
402,TRD-000402,27,6,EQUITY,BUY,3868,859.92,2026-04-01,PENDING
403,TRD-000403,5,1,EQUITY,SELL,1777,55.05,2026-04-26,CONFIRMED
404,TRD-000404,33,5,FIXED_INCOME,SELL,3653206,106.0543,2026-04-21,PENDING
405,TRD-000405,35,10,FIXED_INCOME,BUY,2427568,87.5079,2026-04-17,SETTLED
406,TRD-000406,10,9,FIXED_INCOME,SELL,3377693,102.5931,2026-04-10,CONFIRMED
407,TRD-000407,47,4,DERIVATIVE,BUY,63,476.75,2026-07-04,CONFIRMED
408,TRD-000408,40,10,FX,BUY,658628,100.1791,2026-05-04,SETTLED
409,TRD-000409,46,3,DERIVATIVE,BUY,42,2507.24,2026-06-17,PENDING
410,TRD-000410,47,5,DERIVATIVE,BUY,96,678.31,2026-06-24,SETTLED
411,TRD-000411,50,1,DERIVATIVE,SELL,110,1396.3,2026-04-09,PENDING
412,TRD-000412,41,2,FX,SELL,964618,77.0087,2026-04-16,PENDING
413,TRD-000413,11,6,FIXED_INCOME,BUY,2240068,108.1999,2026-04-08,PENDING
414,TRD-000414,1,1,EQUITY,BUY,2013,60.46,2026-06-13,SETTLED
415,TRD-000415,12,1,FIXED_INCOME,SELL,1983370,94.6541,2026-07-24,CONFIRMED
416,TRD-000416,18,2,EQUITY,SELL,988,461.8,2026-04-06,SETTLED
417,TRD-000417,34,1,FIXED_INCOME,SELL,678196,111.3097,2026-06-25,SETTLED
418,TRD-000418,21,2,EQUITY,SELL,75,344.65,2026-06-19,SETTLED
419,TRD-000419,48,10,DERIVATIVE,BUY,119,1872.95,2026-07-25,SETTLED
420,TRD-000420,47,9,DERIVATIVE,BUY,39,81.57,2026-07-01,SETTLED
421,TRD-000421,35,6,FIXED_INCOME,BUY,2910329,85.0439,2026-07-28,SETTLED
422,TRD-000422,7,4,EQUITY,BUY,3449,452.99,2026-04-05,SETTLED
423,TRD-000423,6,1,EQUITY,BUY,4267,383.49,2026-06-15,SETTLED
424,TRD-000424,38,2,FIXED_INCOME,BUY,3408058,87.2449,2026-04-14,SETTLED
425,TRD-000425,16,5,EQUITY,SELL,2590,834.92,2026-07-23,CONFIRMED
426,TRD-000426,21,8,EQUITY,SELL,1923,85.72,2026-05-05,PENDING
427,TRD-000427,7,3,EQUITY,BUY,1356,415.62,2026-06-14,SETTLED
428,TRD-000428,35,6,FIXED_INCOME,BUY,3890955,94.2492,2026-06-28,SETTLED
429,TRD-000429,6,3,EQUITY,SELL,4952,55.49,2026-06-05,SETTLED
430,TRD-000430,46,4,DERIVATIVE,SELL,102,2591.63,2026-06-09,SETTLED
431,TRD-000431,2,7,EQUITY,SELL,4564,678.31,2026-05-04,CONFIRMED
432,TRD-000432,7,3,EQUITY,BUY,107,74.27,2026-05-05,SETTLED
433,TRD-000433,26,6,EQUITY,BUY,4780,535.78,2026-04-01,SETTLED
434,TRD-000434,13,8,FX,BUY,202893,135.8376,2026-06-04,SETTLED
435,TRD-000435,30,1,EQUITY,BUY,4711,401.18,2026-07-16,SETTLED
436,TRD-000436,25,7,EQUITY,BUY,2909,208.95,2026-05-09,SETTLED
437,TRD-000437,29,3,EQUITY,BUY,2023,589.6,2026-07-14,PENDING
438,TRD-000438,31,1,FIXED_INCOME,BUY,2446931,96.4905,2026-07-07,PENDING
439,TRD-000439,16,9,EQUITY,BUY,3143,708.09,2026-06-16,PENDING
440,TRD-000440,32,6,FIXED_INCOME,SELL,3357978,93.1131,2026-04-11,PENDING
441,TRD-000441,15,1,FX,SELL,132874,121.4512,2026-07-17,CONFIRMED
442,TRD-000442,50,10,DERIVATIVE,BUY,41,545.66,2026-05-09,PENDING
443,TRD-000443,48,1,DERIVATIVE,BUY,148,4240.2,2026-07-12,SETTLED
444,TRD-000444,12,4,FIXED_INCOME,SELL,3109691,112.4194,2026-04-23,CONFIRMED
445,TRD-000445,37,10,FIXED_INCOME,BUY,4823699,113.4511,2026-07-18,SETTLED
446,TRD-000446,12,8,FIXED_INCOME,BUY,857133,86.685,2026-05-01,PENDING
447,TRD-000447,31,1,FIXED_INCOME,SELL,1790005,109.1934,2026-06-23,SETTLED
448,TRD-000448,21,1,EQUITY,BUY,1220,536.22,2026-05-25,SETTLED
449,TRD-000449,34,6,FIXED_INCOME,BUY,3233906,106.1361,2026-07-19,SETTLED
450,TRD-000450,22,5,EQUITY,SELL,1127,878.76,2026-07-26,CONFIRMED
451,TRD-000451,42,6,FX,BUY,1493070,145.3364,2026-06-08,PENDING
452,TRD-000452,12,7,FIXED_INCOME,SELL,2570589,88.8205,2026-04-23,PENDING
453,TRD-000453,26,10,EQUITY,BUY,1501,550.1,2026-05-21,PENDING
454,TRD-000454,7,8,EQUITY,BUY,2722,675.9,2026-05-12,CONFIRMED
455,TRD-000455,11,2,FIXED_INCOME,SELL,3846603,85.3419,2026-05-08,SETTLED
456,TRD-000456,23,5,EQUITY,BUY,20,62.37,2026-07-24,CONFIRMED
457,TRD-000457,11,7,FIXED_INCOME,SELL,3276871,95.5369,2026-07-04,CONFIRMED
458,TRD-000458,37,4,FIXED_INCOME,BUY,3885673,87.2113,2026-04-10,SETTLED
459,TRD-000459,21,5,EQUITY,BUY,617,320.79,2026-07-06,SETTLED
460,TRD-000460,36,2,FIXED_INCOME,SELL,4149489,106.1351,2026-07-21,SETTLED
461,TRD-000461,39,7,FIXED_INCOME,BUY,549258,88.0377,2026-05-07,CONFIRMED
462,TRD-000462,45,9,FX,SELL,1395374,42.8032,2026-05-04,SETTLED
463,TRD-000463,26,10,EQUITY,SELL,1268,67.96,2026-04-14,SETTLED
464,TRD-000464,19,10,EQUITY,SELL,1645,105.35,2026-05-06,SETTLED
465,TRD-000465,6,8,EQUITY,BUY,2536,710.69,2026-07-16,SETTLED
466,TRD-000466,6,9,EQUITY,SELL,1524,346.5,2026-07-12,SETTLED
467,TRD-000467,29,1,EQUITY,SELL,3612,429.25,2026-05-27,SETTLED
468,TRD-000468,37,1,FIXED_INCOME,BUY,911200,87.5712,2026-06-26,PENDING
469,TRD-000469,27,10,EQUITY,BUY,4545,73.67,2026-07-27,PENDING
470,TRD-000470,27,9,EQUITY,SELL,4701,795.86,2026-07-10,SETTLED
471,TRD-000471,26,1,EQUITY,BUY,995,855.34,2026-07-06,SETTLED
472,TRD-000472,14,4,FX,BUY,99497,63.9675,2026-07-07,SETTLED
473,TRD-000473,39,5,FIXED_INCOME,SELL,662137,87.6108,2026-07-18,CONFIRMED
474,TRD-000474,18,9,EQUITY,SELL,111,712.16,2026-07-04,CONFIRMED
475,TRD-000475,10,3,FIXED_INCOME,BUY,986129,101.8805,2026-04-26,SETTLED
476,TRD-000476,35,6,FIXED_INCOME,SELL,2315738,96.4913,2026-07-19,PENDING
477,TRD-000477,31,1,FIXED_INCOME,BUY,2410341,97.0892,2026-07-02,CONFIRMED
478,TRD-000478,22,4,EQUITY,BUY,3902,830.33,2026-06-01,CONFIRMED
479,TRD-000479,20,5,EQUITY,SELL,4037,775.25,2026-04-28,SETTLED
480,TRD-000480,9,5,EQUITY,SELL,2638,257.09,2026-07-20,SETTLED
481,TRD-000481,13,8,FX,BUY,1925607,123.7362,2026-07-25,PENDING
482,TRD-000482,24,1,EQUITY,BUY,547,293.79,2026-07-05,PENDING
483,TRD-000483,37,1,FIXED_INCOME,BUY,1717016,111.2554,2026-05-27,SETTLED
484,TRD-000484,16,1,EQUITY,SELL,424,827.87,2026-05-09,CONFIRMED
485,TRD-000485,30,9,EQUITY,SELL,1024,619.43,2026-05-12,CONFIRMED
486,TRD-000486,39,8,FIXED_INCOME,BUY,4081084,102.6064,2026-06-12,SETTLED
487,TRD-000487,17,2,EQUITY,SELL,234,360.18,2026-05-28,PENDING
488,TRD-000488,50,4,DERIVATIVE,BUY,166,1164.3,2026-05-09,CONFIRMED
489,TRD-000489,33,1,FIXED_INCOME,BUY,4077015,112.3455,2026-05-20,SETTLED
490,TRD-000490,15,5,FX,SELL,1504725,145.08,2026-06-14,CONFIRMED
491,TRD-000491,23,8,EQUITY,SELL,1797,430.69,2026-07-19,SETTLED
492,TRD-000492,1,9,EQUITY,SELL,4609,589.66,2026-06-10,SETTLED
493,TRD-000493,31,2,FIXED_INCOME,SELL,2419309,104.2178,2026-06-09,SETTLED
494,TRD-000494,13,3,FX,BUY,1896780,9.2708,2026-07-22,CONFIRMED
495,TRD-000495,44,3,FX,BUY,1384474,75.008,2026-06-09,CONFIRMED
496,TRD-000496,26,7,EQUITY,BUY,4786,643.1,2026-05-11,SETTLED
497,TRD-000497,44,9,FX,SELL,1911123,141.1477,2026-06-17,SETTLED
498,TRD-000498,11,9,FIXED_INCOME,BUY,2564439,87.9281,2026-05-24,SETTLED
499,TRD-000499,47,9,DERIVATIVE,BUY,175,4502.98,2026-04-08,CONFIRMED
500,TRD-000500,15,5,FX,SELL,1662745,133.1171,2026-06-09,PENDING
